username,user id,access hash,name,group,group id
zMs_Harry,1692768109,-1235302766744599394,Ms. Harry,ğŸ‘¨ğŸ¼â€âš•ï¸ğŸŒ• SaylorMoon - $SMOON ğŸš€,1483509118
Zattigui,1699853829,4120407798221119262,HOLD till 100X 100X,ğŸ‘¨ğŸ¼â€âš•ï¸ğŸŒ• SaylorMoon - $SMOON ğŸš€,1483509118
zebby9,1726702830,859030792625984481,Zebby,ğŸ‘¨ğŸ¼â€âš•ï¸ğŸŒ• SaylorMoon - $SMOON ğŸš€,1483509118
zzge27,101030768,1433365213875502805,ğŸ‘âƒ¤,ğŸ‘¨ğŸ¼â€âš•ï¸ğŸŒ• SaylorMoon - $SMOON ğŸš€,1483509118
yzyzyzshi,1093225197,8636649445585755398,Y Z,ğŸ‘¨ğŸ¼â€âš•ï¸ğŸŒ• SaylorMoon - $SMOON ğŸš€,1483509118
Z_a_n_d_e_r,865751547,-5351158638591229482,Zander,ğŸ‘¨ğŸ¼â€âš•ï¸ğŸŒ• SaylorMoon - $SMOON ğŸš€,1483509118
zamix_mino,492355770,-3787038357505841645,Jose Segura,ğŸ‘¨ğŸ¼â€âš•ï¸ğŸŒ• SaylorMoon - $SMOON ğŸš€,1483509118
Jamil0990,437983723,-7626642597320104122,Jamil ZuÃ±iga,ğŸ‘¨ğŸ¼â€âš•ï¸ğŸŒ• SaylorMoon - $SMOON ğŸš€,1483509118
Edrodriez,803224716,-2988759871602984188,Joshua Zeus,ğŸ‘¨ğŸ¼â€âš•ï¸ğŸŒ• SaylorMoon - $SMOON ğŸš€,1483509118
AlvinoZein,135570820,-2544459360628104351,Mas Vino Yatech,ğŸ‘¨ğŸ¼â€âš•ï¸ğŸŒ• SaylorMoon - $SMOON ğŸš€,1483509118
Yohakki,786443349,-7601178012251390944,Pablo,ğŸ‘¨ğŸ¼â€âš•ï¸ğŸŒ• SaylorMoon - $SMOON ğŸš€,1483509118
yns3456,905001298,-8593096180905132153,Yunus Kapar,ğŸ‘¨ğŸ¼â€âš•ï¸ğŸŒ• SaylorMoon - $SMOON ğŸš€,1483509118
Ydbxl667,1019898542,-2801611765627964764,On est lÃ  Il est lÃ ,ğŸ‘¨ğŸ¼â€âš•ï¸ğŸŒ• SaylorMoon - $SMOON ğŸš€,1483509118
crypstonks,909730674,3052296174890706089,Jimmy Yu,ğŸ‘¨ğŸ¼â€âš•ï¸ğŸŒ• SaylorMoon - $SMOON ğŸš€,1483509118
LLORITO,430948960,428151880660620248,YunnisJ Lopez,ğŸ‘¨ğŸ¼â€âš•ï¸ğŸŒ• SaylorMoon - $SMOON ğŸš€,1483509118
yendo007007,1199308961,5907155439929406017,A Le,ğŸ‘¨ğŸ¼â€âš•ï¸ğŸŒ• SaylorMoon - $SMOON ğŸš€,1483509118
xkkrrr,275459907,8180488897459526938,F,ğŸ‘¨ğŸ¼â€âš•ï¸ğŸŒ• SaylorMoon - $SMOON ğŸš€,1483509118
Xevijef,1075732048,-5981884956158636674,JEF,ğŸ‘¨ğŸ¼â€âš•ï¸ğŸŒ• SaylorMoon - $SMOON ğŸš€,1483509118
max_xxxxx88,1166207933,-3969644250845081246,max,ğŸ‘¨ğŸ¼â€âš•ï¸ğŸŒ• SaylorMoon - $SMOON ğŸš€,1483509118
Xasahrevonsea352,1774600042,-7964748729880725496,Ğ¥Ğ°Ñ€Ğ¸Ñ‚Ğ¾Ğ½,ğŸ‘¨ğŸ¼â€âš•ï¸ğŸŒ• SaylorMoon - $SMOON ğŸš€,1483509118
trambolikoo,366631301,7078699866691491555,Xabi,ğŸ‘¨ğŸ¼â€âš•ï¸ğŸŒ• SaylorMoon - $SMOON ğŸš€,1483509118
xitorrito,13397265,219426850547326991,Xito,ğŸ‘¨ğŸ¼â€âš•ï¸ğŸŒ• SaylorMoon - $SMOON ğŸš€,1483509118
AlexxHg7,431502495,-5983859384397004700,XuCo,ğŸ‘¨ğŸ¼â€âš•ï¸ğŸŒ• SaylorMoon - $SMOON ğŸš€,1483509118
Xacor9,844729600,2021227921364945417,Fran,ğŸ‘¨ğŸ¼â€âš•ï¸ğŸŒ• SaylorMoon - $SMOON ğŸš€,1483509118
XCENTX,750368023,2449957517156650020,Niat pakusH,ğŸ‘¨ğŸ¼â€âš•ï¸ğŸŒ• SaylorMoon - $SMOON ğŸš€,1483509118
john321,1832306096,3419437320667707974,john wick,ğŸ‘¨ğŸ¼â€âš•ï¸ğŸŒ• SaylorMoon - $SMOON ğŸš€,1483509118
awwitafresca,258693556,-4017670569778902009,William,ğŸ‘¨ğŸ¼â€âš•ï¸ğŸŒ• SaylorMoon - $SMOON ğŸš€,1483509118
Pandyntlann27,1876357077,-1594727428161253132,Wood Henderson,ğŸ‘¨ğŸ¼â€âš•ï¸ğŸŒ• SaylorMoon - $SMOON ğŸš€,1483509118
wavesons,932615596,3352999849721256454,S,ğŸ‘¨ğŸ¼â€âš•ï¸ğŸŒ• SaylorMoon - $SMOON ğŸš€,1483509118
wisiwis17,1154282420,-5216093055574599559,wisiwis,ğŸ‘¨ğŸ¼â€âš•ï¸ğŸŒ• SaylorMoon - $SMOON ğŸš€,1483509118
CeoWorldCare,1830422648,7216597889872767614,WorldCare.Finance,ğŸ‘¨ğŸ¼â€âš•ï¸ğŸŒ• SaylorMoon - $SMOON ğŸš€,1483509118
infinite_trap,1875032747,8562284107511077603,whooo,ğŸ‘¨ğŸ¼â€âš•ï¸ğŸŒ• SaylorMoon - $SMOON ğŸš€,1483509118
Bottle_O_Whiskey,1812632400,180681103507098787,Whiskey McBottle,ğŸ‘¨ğŸ¼â€âš•ï¸ğŸŒ• SaylorMoon - $SMOON ğŸš€,1483509118
Wopin,8971002,-8841851992478624629,Wopin,ğŸ‘¨ğŸ¼â€âš•ï¸ğŸŒ• SaylorMoon - $SMOON ğŸš€,1483509118
,806856359,-7401465081696595117,Will.E,ğŸ‘¨ğŸ¼â€âš•ï¸ğŸŒ• SaylorMoon - $SMOON ğŸš€,1483509118
varogp,381705081,2737777204174845405,Alvaro G,ğŸ‘¨ğŸ¼â€âš•ï¸ğŸŒ• SaylorMoon - $SMOON ğŸš€,1483509118
,1318046523,-8359636190743716881,Pablo Vigara,ğŸ‘¨ğŸ¼â€âš•ï¸ğŸŒ• SaylorMoon - $SMOON ğŸš€,1483509118
Varu1,374197579,3132708097722950718,varu aa,ğŸ‘¨ğŸ¼â€âš•ï¸ğŸŒ• SaylorMoon - $SMOON ğŸš€,1483509118
AriesVb,1704559579,6650259417957884830,Aries Vb,ğŸ‘¨ğŸ¼â€âš•ï¸ğŸŒ• SaylorMoon - $SMOON ğŸš€,1483509118
Dora4679,1879085092,-6823417129791429376,Dora F. Valdez,ğŸ‘¨ğŸ¼â€âš•ï¸ğŸŒ• SaylorMoon - $SMOON ğŸš€,1483509118
Vishal8659,712489078,-6904635243125512492,Vishal sharma,ğŸ‘¨ğŸ¼â€âš•ï¸ğŸŒ• SaylorMoon - $SMOON ğŸš€,1483509118
voltiosin,5089468,4071721870952381418,Juan ğŸŒ´,ğŸ‘¨ğŸ¼â€âš•ï¸ğŸŒ• SaylorMoon - $SMOON ğŸš€,1483509118
Victururu,327475485,-5628306550724673517,Victor,ğŸ‘¨ğŸ¼â€âš•ï¸ğŸŒ• SaylorMoon - $SMOON ğŸš€,1483509118
Victor270,142731225,6745857528720872537,Victor,ğŸ‘¨ğŸ¼â€âš•ï¸ğŸŒ• SaylorMoon - $SMOON ğŸš€,1483509118
Venenosob,1075081105,-4451294218752460783,Boba,ğŸ‘¨ğŸ¼â€âš•ï¸ğŸŒ• SaylorMoon - $SMOON ğŸš€,1483509118
Vaneiky,458794336,1764912856670517085,Vaneik,ğŸ‘¨ğŸ¼â€âš•ï¸ğŸŒ• SaylorMoon - $SMOON ğŸš€,1483509118
Volgyto,14415909,-6787188825581619570,Cesar - SiriusTech,ğŸ‘¨ğŸ¼â€âš•ï¸ğŸŒ• SaylorMoon - $SMOON ğŸš€,1483509118
,1690819989,-2275898241443745792,Lagarto Verde,ğŸ‘¨ğŸ¼â€âš•ï¸ğŸŒ• SaylorMoon - $SMOON ğŸš€,1483509118
Arturito88,504020987,977224509567827684,John V8,ğŸ‘¨ğŸ¼â€âš•ï¸ğŸŒ• SaylorMoon - $SMOON ğŸš€,1483509118
voskan18,644210479,-2742298867926478523,Victor voska,ğŸ‘¨ğŸ¼â€âš•ï¸ğŸŒ• SaylorMoon - $SMOON ğŸš€,1483509118
Veva76,1553060558,7785135648847793891,Seba,ğŸ‘¨ğŸ¼â€âš•ï¸ğŸŒ• SaylorMoon - $SMOON ğŸš€,1483509118
,525855094,5242210928168151682,vladimir shapovalov,ğŸ‘¨ğŸ¼â€âš•ï¸ğŸŒ• SaylorMoon - $SMOON ğŸš€,1483509118
MLU12,1727947888,-8600764987741611580,Magdalena Livia Utami,ğŸ‘¨ğŸ¼â€âš•ï¸ğŸŒ• SaylorMoon - $SMOON ğŸš€,1483509118
,1361119670,-3104854028381087270,UniquÉ™ Lorna ğŸ’•ğŸ§šğŸ½â€â™€ï¸.,ğŸ‘¨ğŸ¼â€âš•ï¸ğŸŒ• SaylorMoon - $SMOON ğŸš€,1483509118
,1675600768,8271606093815051208,Niru T,ğŸ‘¨ğŸ¼â€âš•ï¸ğŸŒ• SaylorMoon - $SMOON ğŸš€,1483509118
babhashandemo,488235379,2348649831540940594,boom Track,ğŸ‘¨ğŸ¼â€âš•ï¸ğŸŒ• SaylorMoon - $SMOON ğŸš€,1483509118
,1263004314,-4799378984712040475,Toni,ğŸ‘¨ğŸ¼â€âš•ï¸ğŸŒ• SaylorMoon - $SMOON ğŸš€,1483509118
thevalyn,1194636014,-5305566654414616242,Precious,ğŸ‘¨ğŸ¼â€âš•ï¸ğŸŒ• SaylorMoon - $SMOON ğŸš€,1483509118
BullyMain2,1761372108,-4731581323887507753,Bully ToTheMoon,ğŸ‘¨ğŸ¼â€âš•ï¸ğŸŒ• SaylorMoon - $SMOON ğŸš€,1483509118
TomLeen,1139917644,4743497206288128987,Tom Leenslag,ğŸ‘¨ğŸ¼â€âš•ï¸ğŸŒ• SaylorMoon - $SMOON ğŸš€,1483509118
rikitikii,1752003821,498707302963704441,riki tiki,ğŸ‘¨ğŸ¼â€âš•ï¸ğŸŒ• SaylorMoon - $SMOON ğŸš€,1483509118
TonyTeo1987,1766277341,8090435952926162729,Mr Tony,ğŸ‘¨ğŸ¼â€âš•ï¸ğŸŒ• SaylorMoon - $SMOON ğŸš€,1483509118
rejatrust,1856894889,-1419185704766473249,reja trust,ğŸ‘¨ğŸ¼â€âš•ï¸ğŸŒ• SaylorMoon - $SMOON ğŸš€,1483509118
tesamus,1873879397,3979093301826905074,tesa mus,ğŸ‘¨ğŸ¼â€âš•ï¸ğŸŒ• SaylorMoon - $SMOON ğŸš€,1483509118
Stk1903,1843042440,-6853986926825472566,Trubus,ğŸ‘¨ğŸ¼â€âš•ï¸ğŸŒ• SaylorMoon - $SMOON ğŸš€,1483509118
Tindalos92,280146031,-1334596295885026474,Tindalos,ğŸ‘¨ğŸ¼â€âš•ï¸ğŸŒ• SaylorMoon - $SMOON ğŸš€,1483509118
DerGemHunter,1700276753,-4928643765844808714,The Gem Hunter,ğŸ‘¨ğŸ¼â€âš•ï¸ğŸŒ• SaylorMoon - $SMOON ğŸš€,1483509118
jscaothe,1793791555,-6967081013047462569,Cao Manh The,ğŸ‘¨ğŸ¼â€âš•ï¸ğŸŒ• SaylorMoon - $SMOON ğŸš€,1483509118
Cryptotaku4,7617070,-295567153329730680,The Monolith,ğŸ‘¨ğŸ¼â€âš•ï¸ğŸŒ• SaylorMoon - $SMOON ğŸš€,1483509118
,1085116156,800305047813847547,torb,ğŸ‘¨ğŸ¼â€âš•ï¸ğŸŒ• SaylorMoon - $SMOON ğŸš€,1483509118
Tirititraum,436030515,-1245587626014355441,ã„’ä¸¨å°ºä¸¨ã„’ä¸¨ã„’å°ºå‚ã„©çˆªâ€‹,ğŸ‘¨ğŸ¼â€âš•ï¸ğŸŒ• SaylorMoon - $SMOON ğŸš€,1483509118
,897685393,-6590733222168532391,Aleix GonzÃ¡lez TarrÃ©s,ğŸ‘¨ğŸ¼â€âš•ï¸ğŸŒ• SaylorMoon - $SMOON ğŸš€,1483509118
tronaso,252129026,-2670444338973287975,El Cid Holdeador,ğŸ‘¨ğŸ¼â€âš•ï¸ğŸŒ• SaylorMoon - $SMOON ğŸš€,1483509118
Trucutru,674428982,8520460781633739429,tr,ğŸ‘¨ğŸ¼â€âš•ï¸ğŸŒ• SaylorMoon - $SMOON ğŸš€,1483509118
tavopro,395571879,1569189059581901090,Tavo,ğŸ‘¨ğŸ¼â€âš•ï¸ğŸŒ• SaylorMoon - $SMOON ğŸš€,1483509118
Egorovv12,715373334,-2443035802927557716,Montana Tony,ğŸ‘¨ğŸ¼â€âš•ï¸ğŸŒ• SaylorMoon - $SMOON ğŸš€,1483509118
ThePorsche_959,803169853,-1512161533311776275,Alejandro,ğŸ‘¨ğŸ¼â€âš•ï¸ğŸŒ• SaylorMoon - $SMOON ğŸš€,1483509118
tk012345,1535632283,-2595593891484083342,T K,ğŸ‘¨ğŸ¼â€âš•ï¸ğŸŒ• SaylorMoon - $SMOON ğŸš€,1483509118
tristoff,1736413178,5673415299443103202,Tristoff,ğŸ‘¨ğŸ¼â€âš•ï¸ğŸŒ• SaylorMoon - $SMOON ğŸš€,1483509118
,1760024625,3731891305490959214,terroncito3,ğŸ‘¨ğŸ¼â€âš•ï¸ğŸŒ• SaylorMoon - $SMOON ğŸš€,1483509118
,1792289470,3920483492690547924,tara rubin,ğŸ‘¨ğŸ¼â€âš•ï¸ğŸŒ• SaylorMoon - $SMOON ğŸš€,1483509118
RomantikSozi,290247338,-8700814632068410640,TannhÃ¤user,ğŸ‘¨ğŸ¼â€âš•ï¸ğŸŒ• SaylorMoon - $SMOON ğŸš€,1483509118
,1604907839,1367261255026063961,Tendo Pain,ğŸ‘¨ğŸ¼â€âš•ï¸ğŸŒ• SaylorMoon - $SMOON ğŸš€,1483509118
adm_telestart,530924022,4230853559599935384,Trader_N3 [Telestart],ğŸ‘¨ğŸ¼â€âš•ï¸ğŸŒ• SaylorMoon - $SMOON ğŸš€,1483509118
Saylormoon_bot,1750102064,6887111395518400422,Saylorbot,ğŸ‘¨ğŸ¼â€âš•ï¸ğŸŒ• SaylorMoon - $SMOON ğŸš€,1483509118
,1239165062,4907236547844982931,Sara,ğŸ‘¨ğŸ¼â€âš•ï¸ğŸŒ• SaylorMoon - $SMOON ğŸš€,1483509118
BSC_smith,1895075592,-1018044374002425094,Mr Smith,ğŸ‘¨ğŸ¼â€âš•ï¸ğŸŒ• SaylorMoon - $SMOON ğŸš€,1483509118
,756666852,628515794473203228,SeÃ±orRubÃ­,ğŸ‘¨ğŸ¼â€âš•ï¸ğŸŒ• SaylorMoon - $SMOON ğŸš€,1483509118
patataselvaggia,1846277360,1305767383401076095,Patata Selvaggia,ğŸ‘¨ğŸ¼â€âš•ï¸ğŸŒ• SaylorMoon - $SMOON ğŸš€,1483509118
shitcoineasypumper,393458165,-2739809823854463645,ğŸ’²ğŸ’²ğŸ’²,ğŸ‘¨ğŸ¼â€âš•ï¸ğŸŒ• SaylorMoon - $SMOON ğŸš€,1483509118
Steambrass,1330758686,-2484941886226256158,France Bass,ğŸ‘¨ğŸ¼â€âš•ï¸ğŸŒ• SaylorMoon - $SMOON ğŸš€,1483509118
Secret271993,1482135438,-3623461601503402364,Johnley Damayo,ğŸ‘¨ğŸ¼â€âš•ï¸ğŸŒ• SaylorMoon - $SMOON ğŸš€,1483509118
Senlong888,1498074950,-1318827950775747520,Crypto 88,ğŸ‘¨ğŸ¼â€âš•ï¸ğŸŒ• SaylorMoon - $SMOON ğŸš€,1483509118
SatoshiyenAdmin3,1648096053,809361948563310182,SatoshiyenAdmin3,ğŸ‘¨ğŸ¼â€âš•ï¸ğŸŒ• SaylorMoon - $SMOON ğŸš€,1483509118
SAFEHERCULES,1703485582,3379892931376459898,NFT FINANCE,ğŸ‘¨ğŸ¼â€âš•ï¸ğŸŒ• SaylorMoon - $SMOON ğŸš€,1483509118
shreydpat,1777717938,8717963799934543935,Shreyd Pat,ğŸ‘¨ğŸ¼â€âš•ï¸ğŸŒ• SaylorMoon - $SMOON ğŸš€,1483509118
Express_SA1,1038309600,-7917700240858495092,Mohamad Al-Hadad,ğŸ‘¨ğŸ¼â€âš•ï¸ğŸŒ• SaylorMoon - $SMOON ğŸš€,1483509118
esharma9,1865551445,-7726855552971145595,Esha Sharma,ğŸ‘¨ğŸ¼â€âš•ï¸ğŸŒ• SaylorMoon - $SMOON ğŸš€,1483509118
southsound,1069969178,842487373363964978,Douglas Mortimer,ğŸ‘¨ğŸ¼â€âš•ï¸ğŸŒ• SaylorMoon - $SMOON ğŸš€,1483509118
KaptenJack13,1839031529,7278478442500308042,JACK SPARROW,ğŸ‘¨ğŸ¼â€âš•ï¸ğŸŒ• SaylorMoon - $SMOON ğŸš€,1483509118
Shulginscat,15541379,4214798738081322603,M.,ğŸ‘¨ğŸ¼â€âš•ï¸ğŸŒ• SaylorMoon - $SMOON ğŸš€,1483509118
Speex1995,480137174,-1196299381383106125,Jaimemeluh,ğŸ‘¨ğŸ¼â€âš•ï¸ğŸŒ• SaylorMoon - $SMOON ğŸš€,1483509118
,1014752474,-2181954944605269331,Sergio,ğŸ‘¨ğŸ¼â€âš•ï¸ğŸŒ• SaylorMoon - $SMOON ğŸš€,1483509118
Schuko1982,187312867,4795065881748257945,Schuko1982,ğŸ‘¨ğŸ¼â€âš•ï¸ğŸŒ• SaylorMoon - $SMOON ğŸš€,1483509118
,581168768,-5326465196114675150,Sergio Caballero,ğŸ‘¨ğŸ¼â€âš•ï¸ğŸŒ• SaylorMoon - $SMOON ğŸš€,1483509118
salchicho,272002372,4817744750561755929,Sr Salchicha,ğŸ‘¨ğŸ¼â€âš•ï¸ğŸŒ• SaylorMoon - $SMOON ğŸš€,1483509118
,1135133780,2839889172714609304,Sultan,ğŸ‘¨ğŸ¼â€âš•ï¸ğŸŒ• SaylorMoon - $SMOON ğŸš€,1483509118
saulencio,1608162653,7360231577144842990,Saul,ğŸ‘¨ğŸ¼â€âš•ï¸ğŸŒ• SaylorMoon - $SMOON ğŸš€,1483509118
Skunk355,272727011,4166402485928483242,Skunk,ğŸ‘¨ğŸ¼â€âš•ï¸ğŸŒ• SaylorMoon - $SMOON ğŸš€,1483509118
srm89x,667771634,-6656385408110072004,Srm,ğŸ‘¨ğŸ¼â€âš•ï¸ğŸŒ• SaylorMoon - $SMOON ğŸš€,1483509118
,1050282750,-4422340239952408229,Hugo Santana,ğŸ‘¨ğŸ¼â€âš•ï¸ğŸŒ• SaylorMoon - $SMOON ğŸš€,1483509118
jangseongyeol,1582943999,7190204580190461904,sy jang,ğŸ‘¨ğŸ¼â€âš•ï¸ğŸŒ• SaylorMoon - $SMOON ğŸš€,1483509118
,1780024072,8772313424805913828,Muhammad Shahzad,ğŸ‘¨ğŸ¼â€âš•ï¸ğŸŒ• SaylorMoon - $SMOON ğŸš€,1483509118
sugarvince,1300444828,6357910093060821314,M J,ğŸ‘¨ğŸ¼â€âš•ï¸ğŸŒ• SaylorMoon - $SMOON ğŸš€,1483509118
sComeras,735233364,2598752914527457368,sComeras_,ğŸ‘¨ğŸ¼â€âš•ï¸ğŸŒ• SaylorMoon - $SMOON ğŸš€,1483509118
Stylofils,912675093,7445696216836578318,stylo fils,ğŸ‘¨ğŸ¼â€âš•ï¸ğŸŒ• SaylorMoon - $SMOON ğŸš€,1483509118
,865259560,6576116864007769483,Sharon,ğŸ‘¨ğŸ¼â€âš•ï¸ğŸŒ• SaylorMoon - $SMOON ğŸš€,1483509118
,1337852776,-5572168878409331283,S,ğŸ‘¨ğŸ¼â€âš•ï¸ğŸŒ• SaylorMoon - $SMOON ğŸš€,1483509118
slimeKai,926836841,-2560745768587813884,Slime Kai,ğŸ‘¨ğŸ¼â€âš•ï¸ğŸŒ• SaylorMoon - $SMOON ğŸš€,1483509118
RogerSoria,595853870,-228979806976260924,Roger Soria,ğŸ‘¨ğŸ¼â€âš•ï¸ğŸŒ• SaylorMoon - $SMOON ğŸš€,1483509118
Serchez,825569277,4413770042014420037,SS,ğŸ‘¨ğŸ¼â€âš•ï¸ğŸŒ• SaylorMoon - $SMOON ğŸš€,1483509118
Fakita,1248568788,4439653639625671284,SMILE DOG,ğŸ‘¨ğŸ¼â€âš•ï¸ğŸŒ• SaylorMoon - $SMOON ğŸš€,1483509118
Sharom23,511588203,4001339908709871022,Shari Salcedo Pacha,ğŸ‘¨ğŸ¼â€âš•ï¸ğŸŒ• SaylorMoon - $SMOON ğŸš€,1483509118
SalvaCriptos,1570688849,-8315200509611229429,SalvaCriptos,ğŸ‘¨ğŸ¼â€âš•ï¸ğŸŒ• SaylorMoon - $SMOON ğŸš€,1483509118
Saylormoon_admin,1828437548,-2378926356436235700,Saylormoon admin,ğŸ‘¨ğŸ¼â€âš•ï¸ğŸŒ• SaylorMoon - $SMOON ğŸš€,1483509118
,1013261654,-5905803396730001921,RAMSÃ‰S II,ğŸ‘¨ğŸ¼â€âš•ï¸ğŸŒ• SaylorMoon - $SMOON ğŸš€,1483509118
Reezzu,318727713,8567885845109482871,Ãlvaro,ğŸ‘¨ğŸ¼â€âš•ï¸ğŸŒ• SaylorMoon - $SMOON ğŸš€,1483509118
bluntman88,1170970031,-5546319300460581970,Luke | RFOX Ambassador,ğŸ‘¨ğŸ¼â€âš•ï¸ğŸŒ• SaylorMoon - $SMOON ğŸš€,1483509118
MoisespseudoRyland,1765123290,2231077330993556368,Moises Ryland,ğŸ‘¨ğŸ¼â€âš•ï¸ğŸŒ• SaylorMoon - $SMOON ğŸš€,1483509118
RaphealAPrince,334667535,1006055452885772515,Rapheal A Prince,ğŸ‘¨ğŸ¼â€âš•ï¸ğŸŒ• SaylorMoon - $SMOON ğŸš€,1483509118
BorisRyabkov,457018185,7455100105808598709,Boris Ryabkov,ğŸ‘¨ğŸ¼â€âš•ï¸ğŸŒ• SaylorMoon - $SMOON ğŸš€,1483509118
anujraj2,697546532,6040272666080935385,Anuj Raj,ğŸ‘¨ğŸ¼â€âš•ï¸ğŸŒ• SaylorMoon - $SMOON ğŸš€,1483509118
RINA7861,1483601620,-8823171922740055750,RINA,ğŸ‘¨ğŸ¼â€âš•ï¸ğŸŒ• SaylorMoon - $SMOON ğŸš€,1483509118
ryanh1101,1796093870,4227645897522342799,Ryan H,ğŸ‘¨ğŸ¼â€âš•ï¸ğŸŒ• SaylorMoon - $SMOON ğŸš€,1483509118
Redux7,147238655,5720046799657220595,Redux7,ğŸ‘¨ğŸ¼â€âš•ï¸ğŸŒ• SaylorMoon - $SMOON ğŸš€,1483509118
Hoskor,1292564514,-2898291760718313742,RubÃ©n,ğŸ‘¨ğŸ¼â€âš•ï¸ğŸŒ• SaylorMoon - $SMOON ğŸš€,1483509118
Rulhwolf,189079728,-4806346272443291786,Raul,ğŸ‘¨ğŸ¼â€âš•ï¸ğŸŒ• SaylorMoon - $SMOON ğŸš€,1483509118
RBNTH,440436810,-3341791900307890794,RBN,ğŸ‘¨ğŸ¼â€âš•ï¸ğŸŒ• SaylorMoon - $SMOON ğŸš€,1483509118
LidlRod,13687959,801185140157008545,Javi Rod,ğŸ‘¨ğŸ¼â€âš•ï¸ğŸŒ• SaylorMoon - $SMOON ğŸš€,1483509118
,1542096934,8384267950697260351,RamÃ³n Ruiz,ğŸ‘¨ğŸ¼â€âš•ï¸ğŸŒ• SaylorMoon - $SMOON ğŸš€,1483509118
MrWashed,1449106669,-2975400069160864139,Joshua Robinson,ğŸ‘¨ğŸ¼â€âš•ï¸ğŸŒ• SaylorMoon - $SMOON ğŸš€,1483509118
,1824920411,-3140850492005806231,Rocco D,ğŸ‘¨ğŸ¼â€âš•ï¸ğŸŒ• SaylorMoon - $SMOON ğŸš€,1483509118
,1474782533,-1437967640390181280,rickta,ğŸ‘¨ğŸ¼â€âš•ï¸ğŸŒ• SaylorMoon - $SMOON ğŸš€,1483509118
Redwalkers,943531552,-3177266377670314957,Redwalker,ğŸ‘¨ğŸ¼â€âš•ï¸ğŸŒ• SaylorMoon - $SMOON ğŸš€,1483509118
Royani,501279035,-4594384524940008556,Royani Rahman,ğŸ‘¨ğŸ¼â€âš•ï¸ğŸŒ• SaylorMoon - $SMOON ğŸš€,1483509118
ryanjohnson_me,1762909721,-634493832558739226,Ryan J,ğŸ‘¨ğŸ¼â€âš•ï¸ğŸŒ• SaylorMoon - $SMOON ğŸš€,1483509118
razvan1991handb,1163540627,1759314441308181395,Razvan Muscle,ğŸ‘¨ğŸ¼â€âš•ï¸ğŸŒ• SaylorMoon - $SMOON ğŸš€,1483509118
,349925010,-3357278777478525443,Rick,ğŸ‘¨ğŸ¼â€âš•ï¸ğŸŒ• SaylorMoon - $SMOON ğŸš€,1483509118
Cris987,345717282,-524913116599154006,Cris R.,ğŸ‘¨ğŸ¼â€âš•ï¸ğŸŒ• SaylorMoon - $SMOON ğŸš€,1483509118
javyastaquiii,1169828357,2007034932911236625,Javier Caro quintana,ğŸ‘¨ğŸ¼â€âš•ï¸ğŸŒ• SaylorMoon - $SMOON ğŸš€,1483509118
,1785961920,1089939875435723539,Omar Qads,ğŸ‘¨ğŸ¼â€âš•ï¸ğŸŒ• SaylorMoon - $SMOON ğŸš€,1483509118
PiIaricoBot,1002978910,-3046780313747637846,PilaricoBot,ğŸ‘¨ğŸ¼â€âš•ï¸ğŸŒ• SaylorMoon - $SMOON ğŸš€,1483509118
BitElonPapa,1759565468,-5034307635635862387,Papa Elon,ğŸ‘¨ğŸ¼â€âš•ï¸ğŸŒ• SaylorMoon - $SMOON ğŸš€,1483509118
MadScientist107,1843293471,6915084580707707411,Miguel Portilla #DHH,ğŸ‘¨ğŸ¼â€âš•ï¸ğŸŒ• SaylorMoon - $SMOON ğŸš€,1483509118
junior_hm,1032892206,9019329822755507624,paco chocolatero,ğŸ‘¨ğŸ¼â€âš•ï¸ğŸŒ• SaylorMoon - $SMOON ğŸš€,1483509118
hp1238,1292704697,8752906937670519402,harry potter,ğŸ‘¨ğŸ¼â€âš•ï¸ğŸŒ• SaylorMoon - $SMOON ğŸš€,1483509118
Cryptoalienufo,1776388701,-4435247697881231898,Dennys Plaza,ğŸ‘¨ğŸ¼â€âš•ï¸ğŸŒ• SaylorMoon - $SMOON ğŸš€,1483509118
janpetr,867660300,-2217075539975074820,Jan Peter,ğŸ‘¨ğŸ¼â€âš•ï¸ğŸŒ• SaylorMoon - $SMOON ğŸš€,1483509118
Hendy2704,1102004673,4925084254619697886,Hendy Prayoga,ğŸ‘¨ğŸ¼â€âš•ï¸ğŸŒ• SaylorMoon - $SMOON ğŸš€,1483509118
John97pro,1830407019,206101703371340112,John Pro,ğŸ‘¨ğŸ¼â€âš•ï¸ğŸŒ• SaylorMoon - $SMOON ğŸš€,1483509118
,905668210,-2927593909343081401,Albert Prieto,ğŸ‘¨ğŸ¼â€âš•ï¸ğŸŒ• SaylorMoon - $SMOON ğŸš€,1483509118
,1253748438,8010661895497588490,Pedro Dvd,ğŸ‘¨ğŸ¼â€âš•ï¸ğŸŒ• SaylorMoon - $SMOON ğŸš€,1483509118
papgotascope,1798487677,6327733244826542949,GANG,ğŸ‘¨ğŸ¼â€âš•ï¸ğŸŒ• SaylorMoon - $SMOON ğŸš€,1483509118
MinhHome,1373927594,-4646002348617058551,Minh Phan,ğŸ‘¨ğŸ¼â€âš•ï¸ğŸŒ• SaylorMoon - $SMOON ğŸš€,1483509118
Olalekan21,1190493473,951136027886926165,Lah,ğŸ‘¨ğŸ¼â€âš•ï¸ğŸŒ• SaylorMoon - $SMOON ğŸš€,1483509118
Oxscale,1705317732,3124014257701255874,Ashi 0xScale,ğŸ‘¨ğŸ¼â€âš•ï¸ğŸŒ• SaylorMoon - $SMOON ğŸš€,1483509118
Outlawznet,2410179,7546570371700224778,outlawz,ğŸ‘¨ğŸ¼â€âš•ï¸ğŸŒ• SaylorMoon - $SMOON ğŸš€,1483509118
Arhiangel89,762612551,8387504031670126606,OLEG Bulat,ğŸ‘¨ğŸ¼â€âš•ï¸ğŸŒ• SaylorMoon - $SMOON ğŸš€,1483509118
oscarmj11,674534585,575676526793672814,Ã“scar M,ğŸ‘¨ğŸ¼â€âš•ï¸ğŸŒ• SaylorMoon - $SMOON ğŸš€,1483509118
,1771433600,-3718422187471588154,Miguel Ore,ğŸ‘¨ğŸ¼â€âš•ï¸ğŸŒ• SaylorMoon - $SMOON ğŸš€,1483509118
NaolitoA,46541915,-2042823880950142478,Nacho,ğŸ‘¨ğŸ¼â€âš•ï¸ğŸŒ• SaylorMoon - $SMOON ğŸš€,1483509118
,1404440392,3209660813186108289,Nyulocka,ğŸ‘¨ğŸ¼â€âš•ï¸ğŸŒ• SaylorMoon - $SMOON ğŸš€,1483509118
,1394184445,-7156946829613004783,Nazaret Fernandez,ğŸ‘¨ğŸ¼â€âš•ï¸ğŸŒ• SaylorMoon - $SMOON ğŸš€,1483509118
,1478470475,-1482204257219690438,Nawaz G,ğŸ‘¨ğŸ¼â€âš•ï¸ğŸŒ• SaylorMoon - $SMOON ğŸš€,1483509118
,1654138329,-5718830627937958428,New N,ğŸ‘¨ğŸ¼â€âš•ï¸ğŸŒ• SaylorMoon - $SMOON ğŸš€,1483509118
,1553108984,1407102838673395832,N C,ğŸ‘¨ğŸ¼â€âš•ï¸ğŸŒ• SaylorMoon - $SMOON ğŸš€,1483509118
,1231937191,6372684618570226210,Nicolas,ğŸ‘¨ğŸ¼â€âš•ï¸ğŸŒ• SaylorMoon - $SMOON ğŸš€,1483509118
,1737887878,3311167192671422039,Norbert Fabri,ğŸ‘¨ğŸ¼â€âš•ï¸ğŸŒ• SaylorMoon - $SMOON ğŸš€,1483509118
Natols,851885959,9215230306073800250,Natols,ğŸ‘¨ğŸ¼â€âš•ï¸ğŸŒ• SaylorMoon - $SMOON ğŸš€,1483509118
MardanGameDev,565617785,318230508154167120,Mardan,ğŸ‘¨ğŸ¼â€âš•ï¸ğŸŒ• SaylorMoon - $SMOON ğŸš€,1483509118
muskletech,10141103,-4605774654663892338,muskletech,ğŸ‘¨ğŸ¼â€âš•ï¸ğŸŒ• SaylorMoon - $SMOON ğŸš€,1483509118
,750309020,6044895629757828805,Dani MG,ğŸ‘¨ğŸ¼â€âš•ï¸ğŸŒ• SaylorMoon - $SMOON ğŸš€,1483509118
MarcoBrugal,249193678,3179088575682494705,KingMidas,ğŸ‘¨ğŸ¼â€âš•ï¸ğŸŒ• SaylorMoon - $SMOON ğŸš€,1483509118
mordecaix,47033829,566653791314163085,ï½ï½ï½’ï½„ï½…ï½,ğŸ‘¨ğŸ¼â€âš•ï¸ğŸŒ• SaylorMoon - $SMOON ğŸš€,1483509118
dwizzr,1474368128,-4457561439860564937,M,ğŸ‘¨ğŸ¼â€âš•ï¸ğŸŒ• SaylorMoon - $SMOON ğŸš€,1483509118
Martinchesster,1443715032,-3667411805586734474,Martin Chesster,ğŸ‘¨ğŸ¼â€âš•ï¸ğŸŒ• SaylorMoon - $SMOON ğŸš€,1483509118
Mariano221,72753768,6584144444444205822,Mariano,ğŸ‘¨ğŸ¼â€âš•ï¸ğŸŒ• SaylorMoon - $SMOON ğŸš€,1483509118
baklachok,524780249,-3215111063641578387,Matthew,ğŸ‘¨ğŸ¼â€âš•ï¸ğŸŒ• SaylorMoon - $SMOON ğŸš€,1483509118
,1653036878,-2583394573258871266,arche,ğŸ‘¨ğŸ¼â€âš•ï¸ğŸŒ• SaylorMoon - $SMOON ğŸš€,1483509118
Fran_madrid,103315755,2058189974627774934,Fran Morales,ğŸ‘¨ğŸ¼â€âš•ï¸ğŸŒ• SaylorMoon - $SMOON ğŸš€,1483509118
E7montana,1631966283,-7181046176182385331,Business Minded,ğŸ‘¨ğŸ¼â€âš•ï¸ğŸŒ• SaylorMoon - $SMOON ğŸš€,1483509118
MVremen1111,1329751848,-4886715240874991475,Ğ Ğ¡,ğŸ‘¨ğŸ¼â€âš•ï¸ğŸŒ• SaylorMoon - $SMOON ğŸš€,1483509118
Mcleod80,19053062,7566941593888188041,mario,ğŸ‘¨ğŸ¼â€âš•ï¸ğŸŒ• SaylorMoon - $SMOON ğŸš€,1483509118
,1490187015,8609631242654313758,Miso Cannon,ğŸ‘¨ğŸ¼â€âš•ï¸ğŸŒ• SaylorMoon - $SMOON ğŸš€,1483509118
,1705673363,-1760337880919678857,Crypto Maniac,ğŸ‘¨ğŸ¼â€âš•ï¸ğŸŒ• SaylorMoon - $SMOON ğŸš€,1483509118
moyseis,470725374,-6668644362472116705,Moises G,ğŸ‘¨ğŸ¼â€âš•ï¸ğŸŒ• SaylorMoon - $SMOON ğŸš€,1483509118
mrgodun,494984059,-8468460057045541335,Maksim G.,ğŸ‘¨ğŸ¼â€âš•ï¸ğŸŒ• SaylorMoon - $SMOON ğŸš€,1483509118
,1812732115,-1769532192411604717,Mega Cool,ğŸ‘¨ğŸ¼â€âš•ï¸ğŸŒ• SaylorMoon - $SMOON ğŸš€,1483509118
bosswatch,831648805,2358546792846726231,Mustafa,ğŸ‘¨ğŸ¼â€âš•ï¸ğŸŒ• SaylorMoon - $SMOON ğŸš€,1483509118
Leooooonn,581815369,5497573457127782090,borntobewhale,ğŸ‘¨ğŸ¼â€âš•ï¸ğŸŒ• SaylorMoon - $SMOON ğŸš€,1483509118
LitoMC,1344138693,-5622301759030028177,Lito,ğŸ‘¨ğŸ¼â€âš•ï¸ğŸŒ• SaylorMoon - $SMOON ğŸš€,1483509118
LAL0s,513960703,6364118260700282568,Eli,ğŸ‘¨ğŸ¼â€âš•ï¸ğŸŒ• SaylorMoon - $SMOON ğŸš€,1483509118
ljamesbitcoin,1621864892,2163004587610534693,Lebron James,ğŸ‘¨ğŸ¼â€âš•ï¸ğŸŒ• SaylorMoon - $SMOON ğŸš€,1483509118
Issacat,1716669356,-4221382319628991462,cat lssa,ğŸ‘¨ğŸ¼â€âš•ï¸ğŸŒ• SaylorMoon - $SMOON ğŸš€,1483509118
,1659084154,-4559325159660859344,jloh loh,ğŸ‘¨ğŸ¼â€âš•ï¸ğŸŒ• SaylorMoon - $SMOON ğŸš€,1483509118
kp2109,677502416,7830464132330881885,Kp,ğŸ‘¨ğŸ¼â€âš•ï¸ğŸŒ• SaylorMoon - $SMOON ğŸš€,1483509118
KirbbyInvest,1408087851,7714667459649702638,Investor K. 47,ğŸ‘¨ğŸ¼â€âš•ï¸ğŸŒ• SaylorMoon - $SMOON ğŸš€,1483509118
Kirillchebupele,647765711,-3746930053699933083,ĞšĞ¸Ñ€Ğ¸Ğ»Ğ» ĞšĞ¸Ñ€Ğ¸Ğ»Ğ»,ğŸ‘¨ğŸ¼â€âš•ï¸ğŸŒ• SaylorMoon - $SMOON ğŸš€,1483509118
goi_ko,763575864,-8366113471762453884,Goi Ko,ğŸ‘¨ğŸ¼â€âš•ï¸ğŸŒ• SaylorMoon - $SMOON ğŸš€,1483509118
,1763075650,1364145508400575894,Kaution,ğŸ‘¨ğŸ¼â€âš•ï¸ğŸŒ• SaylorMoon - $SMOON ğŸš€,1483509118
Kt312,502494514,-6709141615181925206,kt,ğŸ‘¨ğŸ¼â€âš•ï¸ğŸŒ• SaylorMoon - $SMOON ğŸš€,1483509118
kkkolya334,1458206406,-8617305944381207515,Kkkolya,ğŸ‘¨ğŸ¼â€âš•ï¸ğŸŒ• SaylorMoon - $SMOON ğŸš€,1483509118
kaNuGR,21932844,4139303962223596721,kaNu,ğŸ‘¨ğŸ¼â€âš•ï¸ğŸŒ• SaylorMoon - $SMOON ğŸš€,1483509118
,649631513,-8021535013564264301,kolmio,ğŸ‘¨ğŸ¼â€âš•ï¸ğŸŒ• SaylorMoon - $SMOON ğŸš€,1483509118
jessevnk,1696433733,2991499574515151618,Jesse,ğŸ‘¨ğŸ¼â€âš•ï¸ğŸŒ• SaylorMoon - $SMOON ğŸš€,1483509118
Justin_987,1736164962,-8133999529048639204,Justin,ğŸ‘¨ğŸ¼â€âš•ï¸ğŸŒ• SaylorMoon - $SMOON ğŸš€,1483509118
jojothebufferlo,533670521,1547722776471503026,Joel Lo,ğŸ‘¨ğŸ¼â€âš•ï¸ğŸŒ• SaylorMoon - $SMOON ğŸš€,1483509118
jlzbtc,1816168068,8020430120745528153,Jlz BTC,ğŸ‘¨ğŸ¼â€âš•ï¸ğŸŒ• SaylorMoon - $SMOON ğŸš€,1483509118
icemaNNN,7078651,8007710413888232806,Javier Cervantes,ğŸ‘¨ğŸ¼â€âš•ï¸ğŸŒ• SaylorMoon - $SMOON ğŸš€,1483509118
Jora273,354681908,5308620163437317960,Jorge,ğŸ‘¨ğŸ¼â€âš•ï¸ğŸŒ• SaylorMoon - $SMOON ğŸš€,1483509118
elquenoestalocopellizcacristales,9646574,-4931391406878271423,James,ğŸ‘¨ğŸ¼â€âš•ï¸ğŸŒ• SaylorMoon - $SMOON ğŸš€,1483509118
Juakime,538181040,1742654520497393003,Juaki,ğŸ‘¨ğŸ¼â€âš•ï¸ğŸŒ• SaylorMoon - $SMOON ğŸš€,1483509118
,819032540,871572219357877386,Jose,ğŸ‘¨ğŸ¼â€âš•ï¸ğŸŒ• SaylorMoon - $SMOON ğŸš€,1483509118
JaviFX,733792035,-8921199388166212179,Javi,ğŸ‘¨ğŸ¼â€âš•ï¸ğŸŒ• SaylorMoon - $SMOON ğŸš€,1483509118
,1414455354,-2357108275038126431,El Jefe,ğŸ‘¨ğŸ¼â€âš•ï¸ğŸŒ• SaylorMoon - $SMOON ğŸš€,1483509118
Juyje,6348150,-95956097275376588,Juyje,ğŸ‘¨ğŸ¼â€âš•ï¸ğŸŒ• SaylorMoon - $SMOON ğŸš€,1483509118
,1137537093,-766326582872823979,Javier,ğŸ‘¨ğŸ¼â€âš•ï¸ğŸŒ• SaylorMoon - $SMOON ğŸš€,1483509118
javi89sv,391433793,314178308820102094,Javi,ğŸ‘¨ğŸ¼â€âš•ï¸ğŸŒ• SaylorMoon - $SMOON ğŸš€,1483509118
JorgeSP3,159629798,-1240668800757994410,Jorge ï£¿,ğŸ‘¨ğŸ¼â€âš•ï¸ğŸŒ• SaylorMoon - $SMOON ğŸš€,1483509118
jorge_bou,13203430,1627136949267460617,Jorge,ğŸ‘¨ğŸ¼â€âš•ï¸ğŸŒ• SaylorMoon - $SMOON ğŸš€,1483509118
,1670932894,5767820774361585182,JMC21,ğŸ‘¨ğŸ¼â€âš•ï¸ğŸŒ• SaylorMoon - $SMOON ğŸš€,1483509118
Juan_04,2935094,-1008538839419418408,Juan Antonio,ğŸ‘¨ğŸ¼â€âš•ï¸ğŸŒ• SaylorMoon - $SMOON ğŸš€,1483509118
dapathfinder,589253165,8428894311727215286,John John,ğŸ‘¨ğŸ¼â€âš•ï¸ğŸŒ• SaylorMoon - $SMOON ğŸš€,1483509118
,1797810411,4326593064113864565,Jeremy,ğŸ‘¨ğŸ¼â€âš•ï¸ğŸŒ• SaylorMoon - $SMOON ğŸš€,1483509118
,1781295559,7718394965957098049,jo go,ğŸ‘¨ğŸ¼â€âš•ï¸ğŸŒ• SaylorMoon - $SMOON ğŸš€,1483509118
Itsamelwho,1358471791,-401570787697788920,Amal,ğŸ‘¨ğŸ¼â€âš•ï¸ğŸŒ• SaylorMoon - $SMOON ğŸš€,1483509118
Ixq142,299384479,-6479292068644123918,inad,ğŸ‘¨ğŸ¼â€âš•ï¸ğŸŒ• SaylorMoon - $SMOON ğŸš€,1483509118
,1290270685,6571458707900308107,Harrison,ğŸ‘¨ğŸ¼â€âš•ï¸ğŸŒ• SaylorMoon - $SMOON ğŸš€,1483509118
aa66609,1769027251,-5710556938506294856,Hong,ğŸ‘¨ğŸ¼â€âš•ï¸ğŸŒ• SaylorMoon - $SMOON ğŸš€,1483509118
gorkaord,1326156557,689966575813741176,Gorka,ğŸ‘¨ğŸ¼â€âš•ï¸ğŸŒ• SaylorMoon - $SMOON ğŸš€,1483509118
CaptainGwei,1269052728,-411980849159615960,Captain Gwei,ğŸ‘¨ğŸ¼â€âš•ï¸ğŸŒ• SaylorMoon - $SMOON ğŸš€,1483509118
FrankSikiatra,14506911,-7250682291944972613,Deiivid,ğŸ‘¨ğŸ¼â€âš•ï¸ğŸŒ• SaylorMoon - $SMOON ğŸš€,1483509118
Bigfishfc,958762083,1983547371780126902,Big Fish,ğŸ‘¨ğŸ¼â€âš•ï¸ğŸŒ• SaylorMoon - $SMOON ğŸš€,1483509118
,1507982284,273507685066698979,fedocbka,ğŸ‘¨ğŸ¼â€âš•ï¸ğŸŒ• SaylorMoon - $SMOON ğŸš€,1483509118
,1880287823,-1383290892345409605,frank,ğŸ‘¨ğŸ¼â€âš•ï¸ğŸŒ• SaylorMoon - $SMOON ğŸš€,1483509118
,821348358,-3356654649942019181,Eneko,ğŸ‘¨ğŸ¼â€âš•ï¸ğŸŒ• SaylorMoon - $SMOON ğŸš€,1483509118
emilylove69,1801920940,-129714790471938854,Emily Brokeback,ğŸ‘¨ğŸ¼â€âš•ï¸ğŸŒ• SaylorMoon - $SMOON ğŸš€,1483509118
e2bluee,1191794768,-6003513220867935728,AbdulxDD,ğŸ‘¨ğŸ¼â€âš•ï¸ğŸŒ• SaylorMoon - $SMOON ğŸš€,1483509118
edis1107,1734350432,-268498005724010882,Edis Crypto,ğŸ‘¨ğŸ¼â€âš•ï¸ğŸŒ• SaylorMoon - $SMOON ğŸš€,1483509118
,442066652,3042494953741619269,Dml,ğŸ‘¨ğŸ¼â€âš•ï¸ğŸŒ• SaylorMoon - $SMOON ğŸš€,1483509118
,1710811610,-3723586916603370059,Danny Glover,ğŸ‘¨ğŸ¼â€âš•ï¸ğŸŒ• SaylorMoon - $SMOON ğŸš€,1483509118
danicalonge8,728963572,8691283876497945960,Dani Calonge,ğŸ‘¨ğŸ¼â€âš•ï¸ğŸŒ• SaylorMoon - $SMOON ğŸš€,1483509118
daanieel21,172582713,-1909474746427759616,Daniel,ğŸ‘¨ğŸ¼â€âš•ï¸ğŸŒ• SaylorMoon - $SMOON ğŸš€,1483509118
,1756178431,-2057330567674152831,Baboolian,ğŸ‘¨ğŸ¼â€âš•ï¸ğŸŒ• SaylorMoon - $SMOON ğŸš€,1483509118
,1009206589,2362953575899371942,B,ğŸ‘¨ğŸ¼â€âš•ï¸ğŸŒ• SaylorMoon - $SMOON ğŸš€,1483509118
,692019374,-1820543730118145211,Ãlex,ğŸ‘¨ğŸ¼â€âš•ï¸ğŸŒ• SaylorMoon - $SMOON ğŸš€,1483509118
AlvaroER,210216875,4980367009725631985,Ãlvaro,ğŸ‘¨ğŸ¼â€âš•ï¸ğŸŒ• SaylorMoon - $SMOON ğŸš€,1483509118
,1075084683,-3199846343170072080,Alberto,ğŸ‘¨ğŸ¼â€âš•ï¸ğŸŒ• SaylorMoon - $SMOON ğŸš€,1483509118
alejandrorodpen,661597142,-4168095509099921625,A,ğŸ‘¨ğŸ¼â€âš•ï¸ğŸŒ• SaylorMoon - $SMOON ğŸš€,1483509118
,1827226538,2480512502674376299,Aurelijus,ğŸ‘¨ğŸ¼â€âš•ï¸ğŸŒ• SaylorMoon - $SMOON ğŸš€,1483509118
alzhaan,313616349,4953499510012985767,ĞĞ»Ğ¶Ğ°Ğ½,ğŸ‘¨ğŸ¼â€âš•ï¸ğŸŒ• SaylorMoon - $SMOON ğŸš€,1483509118
,1714255225,-4940774626328797320,Adnan,ğŸ‘¨ğŸ¼â€âš•ï¸ğŸŒ• SaylorMoon - $SMOON ğŸš€,1483509118
,686193863,-4985841130071321224,Nuri Milanzi,ğŸ‘¨ğŸ¼â€âš•ï¸ğŸŒ• SaylorMoon - $SMOON ğŸš€,1483509118
MTSR22,1767564448,-1212798166812705643,Motosierra,ğŸ‘¨ğŸ¼â€âš•ï¸ğŸŒ• SaylorMoon - $SMOON ğŸš€,1483509118
markezfc,307675259,2843910915725681304,Dani MÃ¡rquez,ğŸ‘¨ğŸ¼â€âš•ï¸ğŸŒ• SaylorMoon - $SMOON ğŸš€,1483509118
Mylifeisastory,1205544951,2889328967539620987,black lifestyle,ğŸ‘¨ğŸ¼â€âš•ï¸ğŸŒ• SaylorMoon - $SMOON ğŸš€,1483509118
Luan223,1368854133,7227041772620551297,Kaya Luan,ğŸ‘¨ğŸ¼â€âš•ï¸ğŸŒ• SaylorMoon - $SMOON ğŸš€,1483509118
Luis993,1662106352,-6687219909648351082,Luiss,ğŸ‘¨ğŸ¼â€âš•ï¸ğŸŒ• SaylorMoon - $SMOON ğŸš€,1483509118
,1218527184,7917944898696023380,Miguel Lor,ğŸ‘¨ğŸ¼â€âš•ï¸ğŸŒ• SaylorMoon - $SMOON ğŸš€,1483509118
llera10,751534962,1136775380644282669,Ğ›ĞµÑ€Ğ°,ğŸ‘¨ğŸ¼â€âš•ï¸ğŸŒ• SaylorMoon - $SMOON ğŸš€,1483509118
Estrafalario,423629841,-6101203965939004610,L.,ğŸ‘¨ğŸ¼â€âš•ï¸ğŸŒ• SaylorMoon - $SMOON ğŸš€,1483509118
IEKA11,809578568,-4291813269233212221,i-E-k-A,ğŸ‘¨ğŸ¼â€âš•ï¸ğŸŒ• SaylorMoon - $SMOON ğŸš€,1483509118
idecabo,362751895,-4128196709964135291,Ivan,ğŸ‘¨ğŸ¼â€âš•ï¸ğŸŒ• SaylorMoon - $SMOON ğŸš€,1483509118
,333566356,-3948373572502606209,Ivan,ğŸ‘¨ğŸ¼â€âš•ï¸ğŸŒ• SaylorMoon - $SMOON ğŸš€,1483509118
InaKaHOUND,1631503378,2635419913355195481,Gavril | HOUND,ğŸ‘¨ğŸ¼â€âš•ï¸ğŸŒ• SaylorMoon - $SMOON ğŸš€,1483509118
Heribulls,953495192,7487632664244391652,Heri Bulls,ğŸ‘¨ğŸ¼â€âš•ï¸ğŸŒ• SaylorMoon - $SMOON ğŸš€,1483509118
henxxy,1196070864,9200265815507577600,henxy,ğŸ‘¨ğŸ¼â€âš•ï¸ğŸŒ• SaylorMoon - $SMOON ğŸš€,1483509118
heroes32,1560737080,5877792400483014433,Heroes 32,ğŸ‘¨ğŸ¼â€âš•ï¸ğŸŒ• SaylorMoon - $SMOON ğŸš€,1483509118
hoantran91nd,1748324700,-7536739621812450712,COLA,ğŸ‘¨ğŸ¼â€âš•ï¸ğŸŒ• SaylorMoon - $SMOON ğŸš€,1483509118
hermanocabra,13058874,-8419247582407043439,hermanocabra,ğŸ‘¨ğŸ¼â€âš•ï¸ğŸŒ• SaylorMoon - $SMOON ğŸš€,1483509118
,912948108,4878007999635381269,guanete,ğŸ‘¨ğŸ¼â€âš•ï¸ğŸŒ• SaylorMoon - $SMOON ğŸš€,1483509118
guillemjr,56875645,4817747415548490205,Guillem,ğŸ‘¨ğŸ¼â€âš•ï¸ğŸŒ• SaylorMoon - $SMOON ğŸš€,1483509118
epereavi,454473282,7848641733325029944,Eric,ğŸ‘¨ğŸ¼â€âš•ï¸ğŸŒ• SaylorMoon - $SMOON ğŸš€,1483509118
elreydelpro,549959598,2764483930480423603,AVS,ğŸ‘¨ğŸ¼â€âš•ï¸ğŸŒ• SaylorMoon - $SMOON ğŸš€,1483509118
Dinmarhh,1475497770,761311352260867636,Chidinma,ğŸ‘¨ğŸ¼â€âš•ï¸ğŸŒ• SaylorMoon - $SMOON ğŸš€,1483509118
artemis0006,1654073859,7434710347685266246,Dan Darwin Barcoma,ğŸ‘¨ğŸ¼â€âš•ï¸ğŸŒ• SaylorMoon - $SMOON ğŸš€,1483509118
Dfd82,10552742,4499838241565735449,Dave,ğŸ‘¨ğŸ¼â€âš•ï¸ğŸŒ• SaylorMoon - $SMOON ğŸš€,1483509118
Ducatista27,15632113,5004554849436665096,Anotnio,ğŸ‘¨ğŸ¼â€âš•ï¸ğŸŒ• SaylorMoon - $SMOON ğŸš€,1483509118
Desconocimientos,236522826,-1519549790457297189,ã…¤,ğŸ‘¨ğŸ¼â€âš•ï¸ğŸŒ• SaylorMoon - $SMOON ğŸš€,1483509118
AaronD07,937135607,-5952079947308425362,Aaron D,ğŸ‘¨ğŸ¼â€âš•ï¸ğŸŒ• SaylorMoon - $SMOON ğŸš€,1483509118
DocMawts,1690187593,-4292059595980141246,DocMawts,ğŸ‘¨ğŸ¼â€âš•ï¸ğŸŒ• SaylorMoon - $SMOON ğŸš€,1483509118
,1441894054,-8305970917229816996,Felicity Caballero,ğŸ‘¨ğŸ¼â€âš•ï¸ğŸŒ• SaylorMoon - $SMOON ğŸš€,1483509118
ceo_espana,2430774,6274889213399827,Ceo,ğŸ‘¨ğŸ¼â€âš•ï¸ğŸŒ• SaylorMoon - $SMOON ğŸš€,1483509118
camilabustamante21,737726324,597600866632555814,Camila bustamante,ğŸ‘¨ğŸ¼â€âš•ï¸ğŸŒ• SaylorMoon - $SMOON ğŸš€,1483509118
Ceesarpl,1442722719,6385289517503201537,Cesar,ğŸ‘¨ğŸ¼â€âš•ï¸ğŸŒ• SaylorMoon - $SMOON ğŸš€,1483509118
Angelzgr,24783537,2486974125100124258,Ãngel B,ğŸ‘¨ğŸ¼â€âš•ï¸ğŸŒ• SaylorMoon - $SMOON ğŸš€,1483509118
BluZud546,1420624358,3396409964236538013,German,ğŸ‘¨ğŸ¼â€âš•ï¸ğŸŒ• SaylorMoon - $SMOON ğŸš€,1483509118
Brasku2,1612612102,-1476208645732161578,Brasku,ğŸ‘¨ğŸ¼â€âš•ï¸ğŸŒ• SaylorMoon - $SMOON ğŸš€,1483509118
Annanguyenico,775717144,-2851919409674610298,Anna Nguyen,ğŸ‘¨ğŸ¼â€âš•ï¸ğŸŒ• SaylorMoon - $SMOON ğŸš€,1483509118
Airdrropipo,1741921995,-4047914935233523272,IPO Airdrop,ğŸ‘¨ğŸ¼â€âš•ï¸ğŸŒ• SaylorMoon - $SMOON ğŸš€,1483509118
Aymo0411,1764963385,6476033275078189888,AK .,ğŸ‘¨ğŸ¼â€âš•ï¸ğŸŒ• SaylorMoon - $SMOON ğŸš€,1483509118
Katiyaranuj74,1093638734,5175016205659869705,Anuj Katiyar,ğŸ‘¨ğŸ¼â€âš•ï¸ğŸŒ• SaylorMoon - $SMOON ğŸš€,1483509118
kume00,398469735,-3409242611645409137,All Emm,ğŸ‘¨ğŸ¼â€âš•ï¸ğŸŒ• SaylorMoon - $SMOON ğŸš€,1483509118
,1416428521,1041161902235763930,Artura Amador,ğŸ‘¨ğŸ¼â€âš•ï¸ğŸŒ• SaylorMoon - $SMOON ğŸš€,1483509118
awas90,815617757,-4014984579438271818,awas,ğŸ‘¨ğŸ¼â€âš•ï¸ğŸŒ• SaylorMoon - $SMOON ğŸš€,1483509118
Abbadon94,326700091,6517938635640258159,Adrian,ğŸ‘¨ğŸ¼â€âš•ï¸ğŸŒ• SaylorMoon - $SMOON ğŸš€,1483509118
agsfoto,543033919,-6345351879855096045,Alfredo,ğŸ‘¨ğŸ¼â€âš•ï¸ğŸŒ• SaylorMoon - $SMOON ğŸš€,1483509118
AlfonsoMP,15137370,6189774789243099074,Alfonso,ğŸ‘¨ğŸ¼â€âš•ï¸ğŸŒ• SaylorMoon - $SMOON ğŸš€,1483509118
,1712384873,5440600825986210966,Alvaro,ğŸ‘¨ğŸ¼â€âš•ï¸ğŸŒ• SaylorMoon - $SMOON ğŸš€,1483509118
aming0,275267327,8600159868173488973,Amingo,ğŸ‘¨ğŸ¼â€âš•ï¸ğŸŒ• SaylorMoon - $SMOON ğŸš€,1483509118
Apedes,797677518,-2539180349865803786,Apede,ğŸ‘¨ğŸ¼â€âš•ï¸ğŸŒ• SaylorMoon - $SMOON ğŸš€,1483509118
Alvaro2015,456973951,2600439878169240956,Alvaro,ğŸ‘¨ğŸ¼â€âš•ï¸ğŸŒ• SaylorMoon - $SMOON ğŸš€,1483509118
,1114301383,4840191007822113128,Angel,ğŸ‘¨ğŸ¼â€âš•ï¸ğŸŒ• SaylorMoon - $SMOON ğŸš€,1483509118
aNavarr1,863481369,1108775294807634874,Alex,ğŸ‘¨ğŸ¼â€âš•ï¸ğŸŒ• SaylorMoon - $SMOON ğŸš€,1483509118
anthonyce64,415315508,3449044227944338610,Anthony,ğŸ‘¨ğŸ¼â€âš•ï¸ğŸŒ• SaylorMoon - $SMOON ğŸš€,1483509118
Alxcheb,287699628,8794237517049685704,ĞĞ»ĞµĞºÑĞ°Ğ½Ğ´Ñ€ 34,ğŸ‘¨ğŸ¼â€âš•ï¸ğŸŒ• SaylorMoon - $SMOON ğŸš€,1483509118
